run,eps,tl,tu,post_processing,duration,unique_size,acc_size,hausdorff
1,0.5,0,1,post_centroid,0.16566705703735352,22,742.3006776528143,61.37673676018528
2,0.5,0,1,post_centroid,0.15785694122314453,26,845.0543218395906,57.76773063861404
3,0.5,0,1,post_centroid,0.09402227401733398,19,656.5132326550237,66.68985815839427
4,0.5,0,1,post_centroid,0.046730995178222656,26,828.9992958267184,69.04421637855758
5,0.5,0,1,post_centroid,0.047278404235839844,15,474.8730541602663,70.6937701761393
6,0.5,0,1,post_centroid,0.08697390556335449,25,850.8010602764995,63.650526572733256
7,0.5,0,1,post_centroid,0.04465842247009277,18,577.3187999783457,64.63628005410176
8,0.5,0,1,post_centroid,0.07087540626525879,19,729.819136689367,68.60769928259964
1,0.5,0,1,post_uniform,0.05506157875061035,22,687.1658425150479,66.40570559613309
2,0.5,0,1,post_uniform,0.05207467079162598,17,623.8708202948568,63.1584937642933
3,0.5,0,1,post_uniform,0.05044364929199219,12,370.70639650449715,73.83200886223777
4,0.5,0,1,post_uniform,0.05867481231689453,20,674.0832491516702,67.63759037292165
5,0.5,0,1,post_uniform,0.07693147659301758,22,664.6592170421629,71.34095945797739
6,0.5,0,1,post_uniform,0.10771441459655762,18,526.9399340039105,54.101787171427006
7,0.5,0,1,post_uniform,0.11209988594055176,20,720.3396069143644,64.41776168061871
8,0.5,0,1,post_uniform,0.050724029541015625,34,1062.3246732449757,61.30208510472387
1,0.5,0,2,post_centroid,0.06088876724243164,19,975.1320892696388,101.96886604895487
2,0.5,0,2,post_centroid,0.06208229064941406,3,112.74906680906352,120.83611747431193
3,0.5,0,2,post_centroid,0.0691826343536377,15,745.0989793296485,84.96434611422413
4,0.5,0,2,post_centroid,0.05831313133239746,6,289.8211846446709,91.13880946588571
5,0.5,0,2,post_centroid,0.059697866439819336,8,413.0532506433653,93.9681822474486
6,0.5,0,2,post_centroid,0.06693792343139648,3,134.47416035328297,95.2386133853347
7,0.5,0,2,post_centroid,0.05993318557739258,18,833.6718929097277,79.54379073908197
8,0.5,0,2,post_centroid,0.06688618659973145,12,603.0786337087447,92.30411956905822
1,0.5,0,2,post_uniform,0.04290890693664551,11,609.1429928089558,96.84337565381688
2,0.5,0,2,post_uniform,0.054518938064575195,7,304.3901000187258,93.13728505253803
3,0.5,0,2,post_uniform,0.05609130859375,14,624.694364774578,94.63673877556595
4,0.5,0,2,post_uniform,0.08515334129333496,16,741.1825033402071,92.0460067838373
5,0.5,0,2,post_uniform,0.07765841484069824,6,291.7883203437882,89.05997543119558
6,0.5,0,2,post_uniform,0.05491495132446289,5,216.55387273166053,92.35224478913548
7,0.5,0,2,post_uniform,0.08338356018066406,16,741.8687654183464,87.24500834000303
8,0.5,0,2,post_uniform,0.09959077835083008,5,189.0113486267797,111.01395275163595
1,0.5,0,3,post_centroid,0.0686795711517334,5,260.7922601962442,123.22287749793603
2,0.5,0,3,post_centroid,0.06254911422729492,16,935.4895073492883,107.41158594698719
3,0.5,0,3,post_centroid,0.11155557632446289,7,421.0818588324019,111.43703946897958
4,0.5,0,3,post_centroid,0.07284927368164062,6,428.59957525056717,121.40807222196553
5,0.5,0,3,post_centroid,0.09605884552001953,6,333.3778677143373,135.3845689372692
6,0.5,0,3,post_centroid,0.09839558601379395,1,47.472721943360455,177.97117275640764
7,0.5,0,3,post_centroid,0.0927877426147461,2,137.67562193257734,128.4383758658331
8,0.5,0,3,post_centroid,0.08019113540649414,7,398.37048644141754,128.42855195540596
1,0.5,0,3,post_uniform,0.05662870407104492,14,898.5243792637693,113.49719971815297
2,0.5,0,3,post_uniform,0.05866670608520508,8,501.5143360983103,104.2450518934996
3,0.5,0,3,post_uniform,0.06697893142700195,5,299.66173066819067,134.26212575623194
4,0.5,0,3,post_uniform,0.058001041412353516,7,456.68612651678444,140.12643027725426
5,0.5,0,3,post_uniform,0.10113811492919922,11,720.5804384554729,104.75796853885825
6,0.5,0,3,post_uniform,0.10416650772094727,1,64.02138935687925,168.4649364202109
7,0.5,0,3,post_uniform,0.10470414161682129,2,92.1298784994973,146.24733348291434
8,0.5,0,3,post_uniform,0.11641860008239746,4,246.24803343745052,122.64753626490182
1,0.5,0,4,post_centroid,0.06746673583984375,1,63.92166046396895,176.4217927406848
2,0.5,0,4,post_centroid,0.07534098625183105,14,1121.0757484936194,129.28208223527557
3,0.5,0,4,post_centroid,0.07730484008789062,5,378.4935291639276,127.69020966334462
4,0.5,0,4,,0.0869455337524414,0,0.0,
5,0.5,0,4,post_centroid,0.10281682014465332,2,142.97283673951335,166.38007036797006
6,0.5,0,4,post_centroid,0.1073603630065918,6,509.09979302054603,133.1528368805809
7,0.5,0,4,,0.11438536643981934,0,0.0,
8,0.5,0,4,,0.10079216957092285,0,0.0,
1,0.5,0,4,post_uniform,0.059385061264038086,3,193.1021410603417,142.01952477266312
2,0.5,0,4,post_uniform,0.0688016414642334,1,69.52564620937173,156.1167652617656
3,0.5,0,4,post_uniform,0.08021759986877441,3,236.03960943402612,119.72523196098899
4,0.5,0,4,post_uniform,0.13315582275390625,5,388.23372349574663,157.7003434596036
5,0.5,0,4,,0.09495210647583008,0,0.0,
6,0.5,0,4,,0.11814689636230469,0,0.0,
7,0.5,0,4,post_uniform,0.07792043685913086,2,118.74081734633498,168.01418487684066
8,0.5,0,4,post_uniform,0.08186936378479004,2,246.4115123760032,170.4762549656211
1,0.5,0,5,post_centroid,0.11246800422668457,2,161.41421794459433,179.08754318943684
2,0.5,0,5,,0.11650586128234863,0,0.0,
3,0.5,0,5,,0.11378765106201172,0,0.0,
4,0.5,0,5,,0.10018253326416016,0,0.0,
5,0.5,0,5,,0.09587740898132324,0,0.0,
6,0.5,0,5,,0.09548187255859375,0,0.0,
7,0.5,0,5,,0.12067461013793945,0,0.0,
8,0.5,0,5,,0.09216666221618652,0,0.0,
1,0.5,0,5,post_uniform,0.08553647994995117,1,101.34287820939704,177.29754881110227
2,0.5,0,5,,0.07811403274536133,0,0.0,
3,0.5,0,5,,0.13062024116516113,0,0.0,
4,0.5,0,5,,0.09367632865905762,0,0.0,
5,0.5,0,5,post_uniform,0.1309223175048828,2,149.71748699319306,180.92284787625644
6,0.5,0,5,,0.09835147857666016,0,0.0,
7,0.5,0,5,,0.12860846519470215,0,0.0,
8,0.5,0,5,,0.09215736389160156,0,0.0,
1,0.5,0,6,post_centroid,0.09488821029663086,1,102.65210607831592,235.98124625667367
2,0.5,0,6,,0.09925341606140137,0,0.0,
3,0.5,0,6,,0.1302814483642578,0,0.0,
4,0.5,0,6,,0.10593342781066895,0,0.0,
5,0.5,0,6,,0.0941312313079834,0,0.0,
6,0.5,0,6,,0.15642094612121582,0,0.0,
7,0.5,0,6,,0.11843037605285645,0,0.0,
8,0.5,0,6,,0.12227082252502441,0,0.0,
1,0.5,0,6,,0.14333844184875488,0,0.0,
2,0.5,0,6,,0.12964582443237305,0,0.0,
3,0.5,0,6,,0.13000011444091797,0,0.0,
4,0.5,0,6,,0.18019938468933105,0,0.0,
5,0.5,0,6,post_uniform,0.18725204467773438,2,189.25037276667032,189.53112148505244
6,0.5,0,6,,0.16143536567687988,0,0.0,
7,0.5,0,6,,0.1591496467590332,0,0.0,
8,0.5,0,6,,0.1153872013092041,0,0.0,
1,0.5,0,7,post_centroid,0.0972127914428711,1,109.51441391652843,204.65443792823817
2,0.5,0,7,,0.12938380241394043,0,0.0,
3,0.5,0,7,,0.12581229209899902,0,0.0,
4,0.5,0,7,,0.14923524856567383,0,0.0,
5,0.5,0,7,,0.12025713920593262,0,0.0,
6,0.5,0,7,,0.16598749160766602,0,0.0,
7,0.5,0,7,,0.14579200744628906,0,0.0,
8,0.5,0,7,,0.13289999961853027,0,0.0,
1,0.5,0,7,,0.1126396656036377,0,0.0,
2,0.5,0,7,,0.09905338287353516,0,0.0,
3,0.5,0,7,,0.1270308494567871,0,0.0,
4,0.5,0,7,,0.1446070671081543,0,0.0,
5,0.5,0,7,,0.12795758247375488,0,0.0,
6,0.5,0,7,,0.14476490020751953,0,0.0,
7,0.5,0,7,,0.11777782440185547,0,0.0,
8,0.5,0,7,,0.09781599044799805,0,0.0,
1,0.5,0,8,,0.10466694831848145,0,0.0,
2,0.5,0,8,,0.1866765022277832,0,0.0,
3,0.5,0,8,,0.17064619064331055,0,0.0,
4,0.5,0,8,,0.14449667930603027,0,0.0,
5,0.5,0,8,post_centroid,0.1484661102294922,1,107.2880119022524,258.51443841106243
6,0.5,0,8,,0.14790797233581543,0,0.0,
7,0.5,0,8,,0.12995028495788574,0,0.0,
8,0.5,0,8,,0.1333611011505127,0,0.0,
1,0.5,0,8,,0.15831375122070312,0,0.0,
2,0.5,0,8,,0.10743999481201172,0,0.0,
3,0.5,0,8,,0.15191102027893066,0,0.0,
4,0.5,0,8,,0.18099093437194824,0,0.0,
5,0.5,0,8,,0.15647387504577637,0,0.0,
6,0.5,0,8,,0.14082980155944824,0,0.0,
7,0.5,0,8,,0.1708993911743164,0,0.0,
8,0.5,0,8,,0.16335415840148926,0,0.0,
1,0.5,0,9,,0.1802682876586914,0,0.0,
2,0.5,0,9,,0.17023515701293945,0,0.0,
3,0.5,0,9,,0.16407489776611328,0,0.0,
4,0.5,0,9,,0.16982126235961914,0,0.0,
5,0.5,0,9,,0.24078154563903809,0,0.0,
6,0.5,0,9,,0.2170557975769043,0,0.0,
7,0.5,0,9,,0.21074891090393066,0,0.0,
8,0.5,0,9,,0.17437410354614258,0,0.0,
1,0.5,0,9,,0.11736273765563965,0,0.0,
2,0.5,0,9,,0.15023040771484375,0,0.0,
3,0.5,0,9,,0.1396777629852295,0,0.0,
4,0.5,0,9,,0.137037992477417,0,0.0,
5,0.5,0,9,,0.19104933738708496,0,0.0,
6,0.5,0,9,,0.13906311988830566,0,0.0,
7,0.5,0,9,,0.20372581481933594,0,0.0,
8,0.5,0,9,,0.1504213809967041,0,0.0,
1,1.0,0,1,post_centroid,0.04822254180908203,65,1096.0714297701152,64.70929106682351
2,1.0,0,1,post_centroid,0.0419468879699707,59,958.6466481493088,59.6202926736183
3,1.0,0,1,post_centroid,0.04749560356140137,77,1200.3799413204952,53.87448852616341
4,1.0,0,1,post_centroid,0.08524084091186523,65,1049.8363204447103,62.87275060042368
5,1.0,0,1,post_centroid,0.12789225578308105,65,1062.0283947020018,62.26734840966234
6,1.0,0,1,post_centroid,0.0691981315612793,54,933.6667150684891,54.42395300640163
7,1.0,0,1,post_centroid,0.09533166885375977,40,703.3237158446091,69.98554007183537
8,1.0,0,1,post_centroid,0.09728002548217773,62,1049.3013383861621,69.7119607261481
1,1.0,0,1,post_uniform,0.04115939140319824,52,839.7190524860495,50.729951023362894
2,1.0,0,1,post_uniform,0.03705739974975586,54,903.0764614610982,57.36029142080842
3,1.0,0,1,post_uniform,0.03717756271362305,61,1027.0321049063787,58.945848887407315
4,1.0,0,1,post_uniform,0.06374049186706543,60,969.3928335763715,61.71693296590581
5,1.0,0,1,post_uniform,0.08071756362915039,49,777.9713997240931,61.1642990903971
6,1.0,0,1,post_uniform,0.12115240097045898,62,988.4384619754643,63.35490259301659
7,1.0,0,1,post_uniform,0.06470823287963867,49,811.4036123681008,56.7617693864845
8,1.0,0,1,post_uniform,0.04881477355957031,48,780.4517598263809,54.68470022355159
1,1.0,0,2,post_centroid,0.06942534446716309,38,916.3669253329822,86.61395077896847
2,1.0,0,2,post_centroid,0.05832982063293457,36,864.1497167176672,79.44018591035065
3,1.0,0,2,post_centroid,0.0776529312133789,17,417.105082697587,96.26882386007075
4,1.0,0,2,post_centroid,0.12154102325439453,33,773.4115093459567,72.81053578492269
5,1.0,0,2,post_centroid,0.08084297180175781,32,740.0685848506756,76.01855491807665
6,1.0,0,2,post_centroid,0.06909799575805664,27,682.9553932572254,90.58598661884754
7,1.0,0,2,post_centroid,0.07344722747802734,38,888.6665242504223,84.41847935063163
8,1.0,0,2,post_centroid,0.07265925407409668,48,1109.57937999136,68.49168656617859
1,1.0,0,2,post_uniform,0.0697321891784668,47,1062.8141013545098,80.40237438160568
2,1.0,0,2,post_uniform,0.06945061683654785,35,848.495713208644,81.82472490906824
3,1.0,0,2,post_uniform,0.07393169403076172,31,764.1063429247371,86.19333231553557
4,1.0,0,2,post_uniform,0.08378195762634277,30,707.1714909044533,78.48832354027147
5,1.0,0,2,post_uniform,0.06582355499267578,37,874.9191494140988,77.03842751465591
6,1.0,0,2,post_uniform,0.1365048885345459,52,1203.5652803916946,76.16114008066528
7,1.0,0,2,post_uniform,0.08156442642211914,26,616.6193326073677,85.76020725451903
8,1.0,0,2,post_uniform,0.1354374885559082,30,716.2258950651765,81.4162605347045
1,1.0,0,3,post_centroid,0.0885007381439209,24,751.3949355068908,90.43805826056723
2,1.0,0,3,post_centroid,0.09303712844848633,18,660.8727843940006,104.65668707219717
3,1.0,0,3,post_centroid,0.08074522018432617,18,586.8991283427017,103.41059245852973
4,1.0,0,3,post_centroid,0.07988977432250977,12,438.38980437125946,104.44747632138804
5,1.0,0,3,post_centroid,0.07300925254821777,16,497.50734473841214,105.23803235750228
6,1.0,0,3,post_centroid,0.132415771484375,14,477.95606790327395,105.70116063096809
7,1.0,0,3,post_centroid,0.12743687629699707,32,938.3575050677873,94.46008343487698
8,1.0,0,3,post_centroid,0.10856175422668457,12,348.5545938099436,102.72617426142726
1,1.0,0,3,post_uniform,0.08247590065002441,30,886.9364637697952,105.78061818895173
2,1.0,0,3,post_uniform,0.08562707901000977,15,437.8662681809042,109.36655836496412
3,1.0,0,3,post_uniform,0.10095548629760742,26,782.270074885132,97.45268587000808
4,1.0,0,3,post_uniform,0.08534526824951172,13,386.8913624799241,96.08243959697703
5,1.0,0,3,post_uniform,0.09349942207336426,17,498.6463629951748,97.65549501185211
6,1.0,0,3,post_uniform,0.10988521575927734,18,537.9412743727218,108.78627205243063
7,1.0,0,3,post_uniform,0.13386201858520508,10,370.162214217003,100.52446816553041
8,1.0,0,3,post_uniform,0.07240986824035645,10,323.1856907905067,117.66643536800862
1,1.0,0,4,post_centroid,0.0820465087890625,14,547.438943837587,122.17808782155412
2,1.0,0,4,post_centroid,0.09989786148071289,3,132.327903574917,152.26770560969555
3,1.0,0,4,post_centroid,0.1100165843963623,8,416.58017607596923,144.545677388528
4,1.0,0,4,post_centroid,0.08583641052246094,3,113.32178938742196,150.856877887828
5,1.0,0,4,post_centroid,0.07773303985595703,4,154.1672175515355,145.7724532422791
6,1.0,0,4,post_centroid,0.14655733108520508,4,163.0887786695668,117.66020988814456
7,1.0,0,4,post_centroid,0.17948627471923828,3,120.25963891270537,124.7375756839207
8,1.0,0,4,post_centroid,0.10870361328125,8,284.84508188569,123.52816367829138
1,1.0,0,4,post_uniform,0.08690643310546875,8,298.6923775418016,116.96461919006478
2,1.0,0,4,post_uniform,0.10490894317626953,8,303.561869827844,118.89256511058626
3,1.0,0,4,post_uniform,0.07963180541992188,5,187.45754458684632,150.1975844466611
4,1.0,0,4,post_uniform,0.09052610397338867,4,188.60996035542854,121.44481775449482
5,1.0,0,4,post_uniform,0.08321452140808105,2,80.04452666450076,147.11870941012023
6,1.0,0,4,post_uniform,0.17338943481445312,13,492.9600624780881,124.0179904587911
7,1.0,0,4,post_uniform,0.09686851501464844,1,56.25146339604253,159.1426484476105
8,1.0,0,4,post_uniform,0.12646770477294922,11,415.91799920825815,121.11610681560757
1,1.0,0,5,,0.09697341918945312,0,0.0,
2,1.0,0,5,post_centroid,0.10166168212890625,2,97.90372137834444,172.04872759533728
3,1.0,0,5,post_centroid,0.08848142623901367,2,87.22403167226238,167.999288820511
4,1.0,0,5,post_centroid,0.12051200866699219,4,212.94782702881204,198.60428036158524
5,1.0,0,5,post_centroid,0.14930152893066406,3,160.1833937045726,158.199046163321
6,1.0,0,5,post_centroid,0.11727166175842285,4,193.3602230996084,146.45431142710015
7,1.0,0,5,post_centroid,0.1501760482788086,2,119.08265986825067,169.34830117468331
8,1.0,0,5,post_centroid,0.21399402618408203,5,228.47383261043623,165.35973297445514
1,1.0,0,5,post_uniform,0.08435606956481934,4,230.61306475474342,143.70486959384746
2,1.0,0,5,post_uniform,0.10863804817199707,6,312.7106094471463,150.98914000537354
3,1.0,0,5,post_uniform,0.08878183364868164,3,146.75820573062515,146.4300733181569
4,1.0,0,5,post_uniform,0.13489151000976562,13,594.6716247665739,139.15235421906996
5,1.0,0,5,post_uniform,0.11345624923706055,6,278.81853736699145,170.91135555893268
6,1.0,0,5,post_uniform,0.12261486053466797,6,318.0742831949543,174.3849091141758
7,1.0,0,5,,0.1729109287261963,0,0.0,
8,1.0,0,5,post_uniform,0.12312602996826172,4,159.25776246897237,152.17734126355433
1,1.0,0,6,,0.1005854606628418,0,0.0,
2,1.0,0,6,,0.10890865325927734,0,0.0,
3,1.0,0,6,,0.10418176651000977,0,0.0,
4,1.0,0,6,,0.13585186004638672,0,0.0,
5,1.0,0,6,,0.09385156631469727,0,0.0,
6,1.0,0,6,post_centroid,0.1074068546295166,2,117.08247878243333,206.82083277124903
7,1.0,0,6,post_centroid,0.13205170631408691,1,56.88653883394136,209.61417355365964
8,1.0,0,6,,0.11187005043029785,0,0.0,
1,1.0,0,6,post_uniform,0.11476540565490723,10,538.5702533634836,166.031656863102
2,1.0,0,6,post_uniform,0.1167607307434082,3,148.0408618836701,162.17667514248154
3,1.0,0,6,post_uniform,0.1048424243927002,6,342.63715479215784,171.60213435235735
4,1.0,0,6,,0.1284482479095459,0,0.0,
5,1.0,0,6,post_uniform,0.12482428550720215,3,131.53407192791903,204.96901345145778
6,1.0,0,6,,0.12824296951293945,0,0.0,
7,1.0,0,6,post_uniform,0.10869002342224121,2,81.98200017202842,184.0235878487088
8,1.0,0,6,post_uniform,0.1585862636566162,3,137.0733039020506,177.87182972921687
1,1.0,0,7,post_centroid,0.11438584327697754,1,64.83986380978318,207.51645027049796
2,1.0,0,7,post_centroid,0.10042524337768555,2,142.50575935820018,184.66409312139038
3,1.0,0,7,,0.10948848724365234,0,0.0,
4,1.0,0,7,,0.14041543006896973,0,0.0,
5,1.0,0,7,post_centroid,0.1609194278717041,5,313.6982028821194,183.26100764170585
6,1.0,0,7,post_centroid,0.18069243431091309,1,51.109102764828634,226.85883128113744
7,1.0,0,7,,0.14522910118103027,0,0.0,
8,1.0,0,7,,0.13481378555297852,0,0.0,
1,1.0,0,7,,0.11277532577514648,0,0.0,
2,1.0,0,7,,0.14416718482971191,0,0.0,
3,1.0,0,7,,0.10186219215393066,0,0.0,
4,1.0,0,7,,0.11915206909179688,0,0.0,
5,1.0,0,7,,0.12163615226745605,0,0.0,
6,1.0,0,7,,0.1445937156677246,0,0.0,
7,1.0,0,7,post_uniform,0.12693452835083008,1,51.380359394909235,197.9761080329272
8,1.0,0,7,post_uniform,0.1331770420074463,1,46.20312347882689,208.59585390919807
1,1.0,0,8,,0.14639496803283691,0,0.0,
2,1.0,0,8,,0.11083412170410156,0,0.0,
3,1.0,0,8,,0.14592337608337402,0,0.0,
4,1.0,0,8,,0.1366729736328125,0,0.0,
5,1.0,0,8,,0.16854619979858398,0,0.0,
6,1.0,0,8,,0.15961170196533203,0,0.0,
7,1.0,0,8,post_centroid,0.16013503074645996,1,58.49511359729261,206.01582613179446
8,1.0,0,8,,0.13571619987487793,0,0.0,
1,1.0,0,8,,0.1686079502105713,0,0.0,
2,1.0,0,8,,0.11506438255310059,0,0.0,
3,1.0,0,8,,0.1311023235321045,0,0.0,
4,1.0,0,8,,0.16344881057739258,0,0.0,
5,1.0,0,8,,0.12515950202941895,0,0.0,
6,1.0,0,8,,0.16918396949768066,0,0.0,
7,1.0,0,8,post_uniform,0.16720247268676758,1,61.09653830341016,254.0758110547848
8,1.0,0,8,,0.1383967399597168,0,0.0,
1,1.0,0,9,,0.1599569320678711,0,0.0,
2,1.0,0,9,,0.17597198486328125,0,0.0,
3,1.0,0,9,,0.12501955032348633,0,0.0,
4,1.0,0,9,,0.13733386993408203,0,0.0,
5,1.0,0,9,,0.16430425643920898,0,0.0,
6,1.0,0,9,,0.13872408866882324,0,0.0,
7,1.0,0,9,,0.15711116790771484,0,0.0,
8,1.0,0,9,,0.14992880821228027,0,0.0,
1,1.0,0,9,post_uniform,0.11937618255615234,1,76.68417163232786,236.4024964857779
2,1.0,0,9,,0.14195489883422852,0,0.0,
3,1.0,0,9,,0.14159154891967773,0,0.0,
4,1.0,0,9,,0.14344120025634766,0,0.0,
5,1.0,0,9,,0.17327499389648438,0,0.0,
6,1.0,0,9,,0.19860076904296875,0,0.0,
7,1.0,0,9,,0.15927720069885254,0,0.0,
8,1.0,0,9,,0.19412708282470703,0,0.0,
1,1.5,0,1,post_centroid,0.04419207572937012,112,1256.3155876484275,47.16707751131093
2,1.5,0,1,post_centroid,0.0529329776763916,137,1500.8361324233547,71.7438518486357
3,1.5,0,1,post_centroid,0.05199146270751953,104,1211.8689041447608,65.53717815876497
4,1.5,0,1,post_centroid,0.05116581916809082,114,1203.073592520726,55.143965395313515
5,1.5,0,1,post_centroid,0.04891848564147949,109,1199.6814254690496,61.68045350532381
6,1.5,0,1,post_centroid,0.15093374252319336,98,1073.6825057312728,55.79563417234168
7,1.5,0,1,post_centroid,0.06380081176757812,146,1633.403286435267,61.51821927460145
8,1.5,0,1,post_centroid,0.058983802795410156,121,1269.6596207953316,59.97350423261166
1,1.5,0,1,post_uniform,0.05490303039550781,109,1194.0564251276542,68.18805076719809
2,1.5,0,1,post_uniform,0.06446552276611328,130,1420.5843532120343,53.757135533535184
3,1.5,0,1,post_uniform,0.051416873931884766,112,1224.1356785255778,72.58314648998537
4,1.5,0,1,post_uniform,0.05336594581604004,118,1345.245840382317,55.78612272847891
5,1.5,0,1,post_uniform,0.06441879272460938,84,962.9902144907971,57.045978343112225
6,1.5,0,1,post_uniform,0.054514408111572266,109,1202.604775319578,66.0991300290076
7,1.5,0,1,post_uniform,0.0601506233215332,123,1347.6145868541312,71.20078142670911
8,1.5,0,1,post_uniform,0.05029153823852539,124,1383.895185611624,46.34767515137028
1,1.5,0,2,post_centroid,0.060649871826171875,70,1087.7390013442227,84.81671113153551
2,1.5,0,2,post_centroid,0.07028436660766602,105,1638.3748633881485,70.45845063649247
3,1.5,0,2,post_centroid,0.12717366218566895,101,1602.1724384501458,84.30490535668642
4,1.5,0,2,post_centroid,0.07377743721008301,66,1029.0232426067423,67.32983815822374
5,1.5,0,2,post_centroid,0.10026383399963379,109,1709.5582846733655,70.74530184692149
6,1.5,0,2,post_centroid,0.08950567245483398,65,1019.6807850393241,76.30540384084627
7,1.5,0,2,post_centroid,0.08799552917480469,77,1174.3069716734024,80.71602089840995
8,1.5,0,2,post_centroid,0.1081840991973877,130,2021.7974231648673,60.98604752997757
1,1.5,0,2,post_uniform,0.07657337188720703,94,1465.318432064939,71.84948442593691
2,1.5,0,2,post_uniform,0.07147622108459473,81,1209.5487931912903,78.25195897819468
3,1.5,0,2,post_uniform,0.0978403091430664,86,1280.2861882989066,75.56302606559905
4,1.5,0,2,post_uniform,0.07146000862121582,37,566.2423501966654,83.71801725592853
5,1.5,0,2,post_uniform,0.13909077644348145,84,1299.581895273075,71.63594876669015
6,1.5,0,2,post_uniform,0.11716413497924805,92,1395.3551667105014,71.27662570622562
7,1.5,0,2,post_uniform,0.07864761352539062,86,1367.6272637613822,79.86266490900626
8,1.5,0,2,post_uniform,0.18454813957214355,66,1044.2425743723873,72.01021070390564
1,1.5,0,3,post_centroid,0.09159660339355469,33,710.3035671713172,100.9757791531698
2,1.5,0,3,post_centroid,0.07244753837585449,52,1192.690779095238,89.11399388886036
3,1.5,0,3,post_centroid,0.09326863288879395,41,859.6011082461961,90.01890294760418
4,1.5,0,3,post_centroid,0.07541227340698242,45,920.56062583613,91.52312742703009
5,1.5,0,3,post_centroid,0.14390206336975098,61,1251.34766844153,94.19689447560536
6,1.5,0,3,post_centroid,0.15951251983642578,37,715.0092884423033,98.33219299573186
7,1.5,0,3,post_centroid,0.1261742115020752,45,946.8136360561322,97.38006606219984
8,1.5,0,3,post_centroid,0.08600926399230957,40,856.6318721269304,93.97549785303325
1,1.5,0,3,post_uniform,0.08084392547607422,60,1179.0737650466851,96.16022166874062
2,1.5,0,3,post_uniform,0.09191465377807617,46,955.3514419722594,104.10588219380722
3,1.5,0,3,post_uniform,0.1301271915435791,41,954.2964028820768,98.0385164709928
4,1.5,0,3,post_uniform,0.08231329917907715,48,1017.5706330847407,99.45569526010429
5,1.5,0,3,post_uniform,0.09895944595336914,85,1682.3026272037673,95.45892389152024
6,1.5,0,3,post_uniform,0.1610398292541504,42,873.170293272859,90.77688607325082
7,1.5,0,3,post_uniform,0.12256407737731934,35,699.1230638621605,92.05659453561785
8,1.5,0,3,post_uniform,0.10332798957824707,49,1003.9827633951154,92.7458829640904
1,1.5,0,4,post_centroid,0.10050511360168457,18,440.2975739484598,132.78865490386676
2,1.5,0,4,post_centroid,0.08133673667907715,23,600.6876825116088,115.88107159945162
3,1.5,0,4,post_centroid,0.15634846687316895,12,330.91368944349097,120.94432832190496
4,1.5,0,4,post_centroid,0.09690213203430176,24,629.4312239394255,133.96796518052219
5,1.5,0,4,post_centroid,0.17661571502685547,31,772.9147711561229,125.96974593457789
6,1.5,0,4,post_centroid,0.14913558959960938,45,1213.8218280654578,115.30211420268185
7,1.5,0,4,post_centroid,0.11331415176391602,29,759.1378932122063,109.69120314764363
8,1.5,0,4,post_centroid,0.1351914405822754,35,921.8230032269922,100.27914400509222
1,1.5,0,4,post_uniform,0.14624595642089844,36,896.2772339569535,114.32066364373036
2,1.5,0,4,post_uniform,0.1106560230255127,23,587.9827557640544,113.5764831914326
3,1.5,0,4,post_uniform,0.10232281684875488,27,652.6137928270906,114.3061317645092
4,1.5,0,4,post_uniform,0.08675622940063477,27,693.0217244488895,112.69431184628593
5,1.5,0,4,post_uniform,0.09152436256408691,14,360.8322945232672,113.55469126079282
6,1.5,0,4,post_uniform,0.14849066734313965,32,806.2394891223717,111.25856922003773
7,1.5,0,4,post_uniform,0.145552396774292,30,758.99987686721,117.92929692577151
8,1.5,0,4,post_uniform,0.122406005859375,24,623.9745217011279,112.05867463940102
1,1.5,0,5,post_centroid,0.11378741264343262,22,634.838678497447,131.4055764258505
2,1.5,0,5,post_centroid,0.07887911796569824,1,27.22837467399561,165.87574715182657
3,1.5,0,5,post_centroid,0.0791313648223877,3,94.13325522988293,160.13894073064034
4,1.5,0,5,post_centroid,0.12065577507019043,23,704.9298491428339,128.89089830837727
5,1.5,0,5,post_centroid,0.17712736129760742,22,618.4495873926927,143.4502731888318
6,1.5,0,5,post_centroid,0.13152527809143066,12,360.2032301627163,128.89089830837727
7,1.5,0,5,post_centroid,0.18330788612365723,3,72.97991923064333,175.88050416939583
8,1.5,0,5,post_centroid,0.15319371223449707,7,211.5550610780799,127.79827225581462
1,1.5,0,5,post_uniform,0.08753490447998047,16,456.6140499375438,119.95945395060996
2,1.5,0,5,post_uniform,0.12711763381958008,8,238.79204420151189,151.9863949872058
3,1.5,0,5,post_uniform,0.11482596397399902,9,252.81965764835223,131.43225424952254
4,1.5,0,5,post_uniform,0.10833597183227539,8,279.05997177896586,143.78463341269696
5,1.5,0,5,post_uniform,0.12327051162719727,20,632.4684639244555,133.75930932516843
6,1.5,0,5,post_uniform,0.19568371772766113,13,358.39645649914223,132.6104250200862
7,1.5,0,5,post_uniform,0.18477225303649902,15,469.5802366070419,135.56235038360595
8,1.5,0,5,post_uniform,0.1940159797668457,7,209.53804401665758,138.3861204757454
1,1.5,0,6,post_centroid,0.13662457466125488,3,99.00010417675209,172.38703970051216
2,1.5,0,6,post_centroid,0.1180415153503418,5,216.37513864791643,167.1454486123713
3,1.5,0,6,post_centroid,0.15027904510498047,11,408.92878193446353,174.80042103569605
4,1.5,0,6,post_centroid,0.1619889736175537,9,354.67511272099784,168.13171339905497
5,1.5,0,6,post_centroid,0.1397702693939209,6,204.14040671127248,139.14069666428702
6,1.5,0,6,post_centroid,0.13012909889221191,6,256.1536153294387,170.02064431305087
7,1.5,0,6,post_centroid,0.12756705284118652,15,494.6491812103555,155.7399178390815
8,1.5,0,6,post_centroid,0.19427037239074707,13,517.8340813451116,137.9407528428357
1,1.5,0,6,post_uniform,0.10536360740661621,1,27.080086091407246,193.93657349318758
2,1.5,0,6,post_uniform,0.1104426383972168,11,375.3830298867074,150.3637152935629
3,1.5,0,6,post_uniform,0.11736845970153809,7,222.13044785586095,149.94850025902355
4,1.5,0,6,post_uniform,0.1272294521331787,2,89.874948688394,152.22357178140243
5,1.5,0,6,post_uniform,0.14724445343017578,12,468.02448404175675,134.36085803295512
6,1.5,0,6,post_uniform,0.16993331909179688,6,181.8982682700986,162.15667588009103
7,1.5,0,6,,0.2086167335510254,0,0.0,
8,1.5,0,6,post_uniform,0.2143535614013672,6,202.26206657660512,178.1084105917006
1,1.5,0,7,,0.10066056251525879,0,0.0,
2,1.5,0,7,,0.1614549160003662,0,0.0,
3,1.5,0,7,,0.14405512809753418,0,0.0,
4,1.5,0,7,post_centroid,0.14168262481689453,3,111.12842695016303,192.22599465555723
5,1.5,0,7,post_centroid,0.15598535537719727,7,287.8157045386769,153.45468430537096
6,1.5,0,7,,0.15860795974731445,0,0.0,
7,1.5,0,7,post_centroid,0.18422985076904297,6,305.7850426869311,176.10945361251294
8,1.5,0,7,post_centroid,0.12897086143493652,1,67.11616104043271,208.31237731301118
1,1.5,0,7,,0.14689278602600098,0,0.0,
2,1.5,0,7,,0.14231443405151367,0,0.0,
3,1.5,0,7,post_uniform,0.15407347679138184,2,118.04447044129448,203.25372462195722
4,1.5,0,7,post_uniform,0.14040017127990723,3,108.87660243511363,186.48833688542652
5,1.5,0,7,post_uniform,0.16737031936645508,1,31.940763115313118,216.99783117115607
6,1.5,0,7,post_uniform,0.15213298797607422,3,130.00831715037893,193.50855745703115
7,1.5,0,7,post_uniform,0.1530447006225586,5,214.95388086905908,175.796677084626
8,1.5,0,7,post_uniform,0.15669894218444824,6,219.3314984028108,182.3744339224198
1,1.5,0,8,,0.12676405906677246,0,0.0,
2,1.5,0,8,,0.14382171630859375,0,0.0,
3,1.5,0,8,post_centroid,0.17100048065185547,4,175.9451188383483,214.42419930575724
4,1.5,0,8,post_centroid,0.13533473014831543,1,37.98400462738337,221.63697186776741
5,1.5,0,8,,0.1594250202178955,0,0.0,
6,1.5,0,8,post_centroid,0.16940903663635254,10,541.9884781579059,194.76077093848224
7,1.5,0,8,,0.15754032135009766,0,0.0,
8,1.5,0,8,,0.14649581909179688,0,0.0,
1,1.5,0,8,post_uniform,0.11808204650878906,2,78.40721696289737,214.37932318474404
2,1.5,0,8,,0.14425015449523926,0,0.0,
3,1.5,0,8,,0.15654206275939941,0,0.0,
4,1.5,0,8,post_uniform,0.1592559814453125,3,162.70726524021347,231.20140064443012
5,1.5,0,8,,0.13817095756530762,0,0.0,
6,1.5,0,8,post_uniform,0.22424960136413574,2,104.75872260508903,223.80168482845866
7,1.5,0,8,post_uniform,0.14983606338500977,6,272.821277206573,192.15592932217493
8,1.5,0,8,,0.12454438209533691,0,0.0,
1,1.5,0,9,post_centroid,0.18442034721374512,2,80.51680542790034,209.08207734373906
2,1.5,0,9,,0.18222951889038086,0,0.0,
3,1.5,0,9,,0.20738482475280762,0,0.0,
4,1.5,0,9,post_centroid,0.1579115390777588,4,312.23245960367444,209.8597883171396
5,1.5,0,9,,0.15051507949829102,0,0.0,
6,1.5,0,9,,0.1339273452758789,0,0.0,
7,1.5,0,9,,0.17529296875,0,0.0,
8,1.5,0,9,post_centroid,0.15189504623413086,2,105.76722699980732,252.2237728941312
1,1.5,0,9,,0.1250917911529541,0,0.0,
2,1.5,0,9,,0.12320995330810547,0,0.0,
3,1.5,0,9,post_uniform,0.15082049369812012,1,38.530095901697166,236.69647218509272
4,1.5,0,9,post_uniform,0.15711164474487305,1,67.14034476544552,221.2287471139633
5,1.5,0,9,post_uniform,0.16560077667236328,1,45.22201009189154,213.25727748144266
6,1.5,0,9,post_uniform,0.15037989616394043,1,48.03987703274438,222.32161598485743
7,1.5,0,9,post_uniform,0.1857919692993164,3,170.9979090140326,194.9492468423341
8,1.5,0,9,,0.17017507553100586,0,0.0,
1,2.0,0,1,post_centroid,0.05121040344238281,140,1255.8200343458354,58.40839084921784
2,2.0,0,1,post_centroid,0.05285906791687012,122,1040.0602761269822,64.78433514999195
3,2.0,0,1,post_centroid,0.04625701904296875,139,1179.0111436489158,55.07535947803507
4,2.0,0,1,post_centroid,0.041753292083740234,135,1142.4622554136797,52.32913471954705
5,2.0,0,1,post_centroid,0.07565593719482422,168,1402.7564075988055,53.15261267635035
6,2.0,0,1,post_centroid,0.16120219230651855,161,1377.084293508377,48.68361948792989
7,2.0,0,1,post_centroid,0.06378531455993652,170,1479.5139087301127,64.1304357803307
8,2.0,0,1,post_centroid,0.055692434310913086,175,1476.3752700654577,57.41393633164524
1,2.0,0,1,post_uniform,0.05445098876953125,138,1145.8247197696573,54.64839388278484
2,2.0,0,1,post_uniform,0.04101371765136719,146,1224.3885836223917,54.415693969257454
3,2.0,0,1,post_uniform,0.04859423637390137,147,1240.5156727312128,64.0003906127664
4,2.0,0,1,post_uniform,0.05590319633483887,131,1105.9133859037297,52.13406107560284
5,2.0,0,1,post_uniform,0.10670256614685059,159,1371.3637202662821,59.20412910111107
6,2.0,0,1,post_uniform,0.09386181831359863,136,1139.3248317460611,58.26462900536917
7,2.0,0,1,post_uniform,0.12569069862365723,161,1346.2561130341433,56.93900882579084
8,2.0,0,1,post_uniform,0.08692646026611328,147,1231.235670014697,66.61176220717303
1,2.0,0,2,post_centroid,0.13379240036010742,205,2394.6424436693724,75.38615670155443
2,2.0,0,2,post_centroid,0.0920250415802002,140,1690.7483227256603,63.65214121576311
3,2.0,0,2,post_centroid,0.069122314453125,97,1123.8010376801521,91.06991788737983
4,2.0,0,2,post_centroid,0.09962582588195801,118,1418.9493215516588,72.61016514128158
5,2.0,0,2,post_centroid,0.11635303497314453,120,1426.700971985824,75.17084356978854
6,2.0,0,2,post_centroid,0.1031956672668457,105,1258.147781247615,78.00285304658095
7,2.0,0,2,post_centroid,0.08958792686462402,191,2180.3193591275217,70.11459456167276
8,2.0,0,2,post_centroid,0.07726168632507324,167,1983.830127867364,70.73065865012887
1,2.0,0,2,post_uniform,0.08370637893676758,161,1847.9934974562043,67.95906149096346
2,2.0,0,2,post_uniform,0.07989001274108887,145,1735.5242382794336,76.37438531546398
3,2.0,0,2,post_uniform,0.0755469799041748,176,2130.1406745021904,76.84952951491627
4,2.0,0,2,post_uniform,0.09155607223510742,126,1578.1512766186656,64.23326663806843
5,2.0,0,2,post_uniform,0.17066407203674316,124,1499.076638690779,83.2290331901851
6,2.0,0,2,post_uniform,0.11685299873352051,110,1348.3579918572002,71.49121630741044
7,2.0,0,2,post_uniform,0.09290838241577148,175,2068.8182368119524,67.41556103432701
8,2.0,0,2,post_uniform,0.07426929473876953,110,1318.3729987997874,80.72756845429608
1,2.0,0,3,post_centroid,0.095184326171875,147,2335.550465032612,81.44423153841215
2,2.0,0,3,post_centroid,0.08887648582458496,102,1717.5995577681015,93.90870939038336
3,2.0,0,3,post_centroid,0.13714003562927246,219,3300.755039761455,90.76345922675884
4,2.0,0,3,post_centroid,0.10160040855407715,84,1288.7097783102827,93.91760834903981
5,2.0,0,3,post_centroid,0.17606353759765625,166,2571.676789113638,88.2006611726618
6,2.0,0,3,post_centroid,0.1729128360748291,141,2140.1459192861985,97.38006606219984
7,2.0,0,3,post_centroid,0.11558794975280762,110,1687.2437018759342,85.05425027595955
8,2.0,0,3,post_centroid,0.11084842681884766,103,1611.1479407606905,96.49838364874769
1,2.0,0,3,post_uniform,0.09510588645935059,120,1880.874607279621,87.34686949033171
2,2.0,0,3,post_uniform,0.11132431030273438,185,2837.3251975535886,77.91169471174939
3,2.0,0,3,post_uniform,0.1310899257659912,136,2086.802562145868,92.99511102012202
4,2.0,0,3,post_uniform,0.09671306610107422,110,1738.4014975757516,82.13447365712125
5,2.0,0,3,post_uniform,0.08617663383483887,87,1321.2179566301972,81.9110113306996
6,2.0,0,3,post_uniform,0.1670827865600586,144,2220.3191315875,81.86976646398979
7,2.0,0,3,post_uniform,0.18047165870666504,200,3094.0441869769884,84.19192551214431
8,2.0,0,3,post_uniform,0.10594868659973145,126,1914.584127026567,86.19613468821095
1,2.0,0,4,post_centroid,0.11161947250366211,72,1338.7684425403372,108.87607852138885
2,2.0,0,4,post_centroid,0.14575886726379395,71,1454.263340961874,108.79122112232523
3,2.0,0,4,post_centroid,0.10526299476623535,32,642.3672970345771,110.7166695942091
4,2.0,0,4,post_centroid,0.14954853057861328,120,2250.732620717957,104.40007809130192
5,2.0,0,4,post_centroid,0.1562652587890625,57,1126.3564437881384,108.7908047380342
6,2.0,0,4,post_centroid,0.14760279655456543,116,2135.407605999594,108.87607852138885
7,2.0,0,4,post_centroid,0.17791485786437988,61,1172.731954782721,112.08270135853017
8,2.0,0,4,post_centroid,0.14090609550476074,55,1093.5218591998448,107.68162889851067
1,2.0,0,4,post_uniform,0.09355902671813965,45,877.4661315939121,109.13513878318005
2,2.0,0,4,post_uniform,0.12866520881652832,72,1420.4800488130181,110.38998900124352
3,2.0,0,4,post_uniform,0.11113953590393066,60,1185.2613605419986,109.16862481395908
4,2.0,0,4,post_uniform,0.24596858024597168,52,1021.6939698182526,112.37330641452216
5,2.0,0,4,post_uniform,0.26717567443847656,99,1862.9677216248838,107.40964276661424
6,2.0,0,4,post_uniform,0.1281437873840332,87,1715.1456824181878,108.25361190725428
7,2.0,0,4,post_uniform,0.14075922966003418,106,2067.9009952522665,114.64282040113216
8,2.0,0,4,post_uniform,0.27222633361816406,80,1551.5461838819788,109.93298511361007
1,2.0,0,5,post_centroid,0.0863504409790039,15,357.76812056985483,123.02042422813388
2,2.0,0,5,post_centroid,0.150099515914917,36,845.3338467750252,142.02395116803515
3,2.0,0,5,post_centroid,0.12009215354919434,35,810.9212636543916,118.9937190620635
4,2.0,0,5,post_centroid,0.13855648040771484,69,1541.5195840286037,124.88953794121473
5,2.0,0,5,post_centroid,0.22243595123291016,49,1248.2822185489879,120.62983349641576
6,2.0,0,5,post_centroid,0.15865778923034668,27,636.4877872935322,118.00147440830466
7,2.0,0,5,post_centroid,0.26438379287719727,49,1134.3634672040355,121.80037273416848
8,2.0,0,5,post_centroid,0.1597583293914795,14,319.43008918929746,117.82633752104441
1,2.0,0,5,post_uniform,0.12257647514343262,37,799.4538677146852,139.79645543983767
2,2.0,0,5,post_uniform,0.11717581748962402,24,573.2116070165605,132.86148732425892
3,2.0,0,5,post_uniform,0.10881638526916504,19,407.9850280734229,125.07740592961382
4,2.0,0,5,post_uniform,0.1537337303161621,44,951.1938546683067,126.6241301458674
5,2.0,0,5,post_uniform,0.1983339786529541,11,247.28393581420605,122.9067456418425
6,2.0,0,5,post_uniform,0.17774748802185059,27,673.0588418746764,120.75943488949177
7,2.0,0,5,post_uniform,0.1367342472076416,18,397.1549627668465,121.13040940982253
8,2.0,0,5,post_uniform,0.16452741622924805,27,576.6913406276561,126.32379131899579
1,2.0,0,6,post_centroid,0.13325834274291992,25,675.7569779861547,141.67245811835417
2,2.0,0,6,post_centroid,0.14273905754089355,33,884.1604541908887,132.6779204699465
3,2.0,0,6,post_centroid,0.1516892910003662,13,360.81823324741265,139.21854166223216
4,2.0,0,6,post_centroid,0.21790623664855957,15,355.8537370191624,157.32637621749856
5,2.0,0,6,post_centroid,0.18508052825927734,14,361.41627182877977,161.21720731381694
6,2.0,0,6,post_centroid,0.14321160316467285,31,832.2862005659592,149.48310062889007
7,2.0,0,6,post_centroid,0.19879460334777832,13,317.45092033732,163.44831888576707
8,2.0,0,6,post_centroid,0.22160744667053223,52,1327.4669338170843,129.97063008182317
1,2.0,0,6,post_uniform,0.14721083641052246,35,885.5818325669125,149.82848190387176
2,2.0,0,6,post_uniform,0.14981365203857422,6,165.3644376167465,147.47661670367734
3,2.0,0,6,post_uniform,0.14003372192382812,14,359.9205294706501,163.63663605791473
4,2.0,0,6,post_uniform,0.16455531120300293,9,218.13549570768387,178.68078359798437
5,2.0,0,6,post_uniform,0.17903971672058105,23,633.9987141782942,132.49700569872496
6,2.0,0,6,post_uniform,0.208815336227417,13,370.29342150835225,133.18046509234773
7,2.0,0,6,post_uniform,0.16821670532226562,25,724.4292958571643,158.52637249791752
8,2.0,0,6,post_uniform,0.2759416103363037,23,621.8659289469616,166.28020921804463
1,2.0,0,7,post_centroid,0.18322348594665527,9,259.01348706989313,158.32603390798695
2,2.0,0,7,post_centroid,0.16178345680236816,1,26.210040743330936,208.55893819168128
3,2.0,0,7,post_centroid,0.1580793857574463,15,458.1687935081528,165.7242103135475
4,2.0,0,7,,0.17647218704223633,0,0.0,
5,2.0,0,7,post_centroid,0.1740727424621582,3,79.71336184943048,157.66486879901987
6,2.0,0,7,,0.2188568115234375,0,0.0,
7,2.0,0,7,post_centroid,0.2575979232788086,29,905.8694712853909,157.03340006126737
8,2.0,0,7,post_centroid,0.2592453956604004,21,560.7686769484975,174.47495521198798
1,2.0,0,7,post_uniform,0.11994123458862305,6,185.32525536941986,175.31853899880963
2,2.0,0,7,post_uniform,0.14731788635253906,3,87.00284254074984,185.61669754023572
3,2.0,0,7,post_uniform,0.13904237747192383,11,334.4305944373822,179.02845604987562
4,2.0,0,7,post_uniform,0.1445751190185547,3,80.06339299642464,191.5025666481427
5,2.0,0,7,post_uniform,0.15671634674072266,8,229.78586752055483,151.21602260643468
6,2.0,0,7,post_uniform,0.26994848251342773,4,115.73587491031162,164.50492325209044
7,2.0,0,7,post_uniform,0.18538236618041992,8,237.0177003973905,163.74544409332236
8,2.0,0,7,post_uniform,0.187119722366333,2,55.09671601127784,184.6795156375036
1,2.0,0,8,post_centroid,0.1534416675567627,11,397.84093365492834,187.4785190944431
2,2.0,0,8,post_centroid,0.1957685947418213,2,70.1585479393361,212.90899780124866
3,2.0,0,8,post_centroid,0.14537906646728516,1,30.410659825354227,227.11732865606487
4,2.0,0,8,post_centroid,0.16990017890930176,18,604.8226297302837,174.29054925273198
5,2.0,0,8,post_centroid,0.20992040634155273,4,126.21936482671758,183.9307299434192
6,2.0,0,8,post_centroid,0.21338820457458496,8,299.0379410097257,181.85002729910397
7,2.0,0,8,post_centroid,0.16232895851135254,5,189.0010109109035,200.3029802719876
8,2.0,0,8,post_centroid,0.2926454544067383,8,268.79351519804567,200.72335621064232
1,2.0,0,8,,0.13500094413757324,0,0.0,
2,2.0,0,8,post_uniform,0.14489412307739258,6,172.30627071239405,190.22203458722842
3,2.0,0,8,,0.13310456275939941,0,0.0,
4,2.0,0,8,post_uniform,0.19633984565734863,11,343.4757142081785,202.3936212066505
5,2.0,0,8,post_uniform,0.1827230453491211,9,282.9756817835415,174.69562532244416
6,2.0,0,8,post_uniform,0.15674805641174316,2,88.25591783947448,217.84977458476362
7,2.0,0,8,,0.20103025436401367,0,0.0,
8,2.0,0,8,post_uniform,0.13049554824829102,2,57.507931626677276,191.62431910332893
1,2.0,0,9,,0.16604375839233398,0,0.0,
2,2.0,0,9,post_centroid,0.1379103660583496,2,83.97655850281295,217.15994285322287
3,2.0,0,9,post_centroid,0.15400314331054688,1,35.44021491313278,217.15994285322287
4,2.0,0,9,,0.1400909423828125,0,0.0,
5,2.0,0,9,post_centroid,0.19225168228149414,4,151.45778774979775,211.43129555019613
6,2.0,0,9,,0.1882479190826416,0,0.0,
7,2.0,0,9,,0.20724081993103027,0,0.0,
8,2.0,0,9,,0.20049333572387695,0,0.0,
1,2.0,0,9,post_uniform,0.14292621612548828,4,140.66825087916845,199.04225108906903
2,2.0,0,9,post_uniform,0.1621568202972412,1,42.65221437166449,223.95039205043904
3,2.0,0,9,post_uniform,0.17815685272216797,1,80.12641389036654,259.972362149891
4,2.0,0,9,post_uniform,0.20613813400268555,1,45.480427682990616,246.67430075858948
5,2.0,0,9,,0.27822232246398926,0,0.0,
6,2.0,0,9,post_uniform,0.19256377220153809,3,113.94990079091734,199.16561353016664
7,2.0,0,9,,0.20720553398132324,0,0.0,
8,2.0,0,9,,0.191056489944458,0,0.0,
1,5.0,0,1,post_centroid,0.0754396915435791,650,2175.796962533449,61.758634002638786
2,5.0,0,1,post_centroid,0.058905601501464844,632,2107.7467872493608,69.97380427445191
3,5.0,0,1,post_centroid,0.07861518859863281,600,2008.0850689542287,56.59915224718682
4,5.0,0,1,post_centroid,0.07181596755981445,565,1952.2105021508592,63.48601680652924
5,5.0,0,1,post_centroid,0.1088552474975586,658,2149.1515815227945,71.78163172747534
6,5.0,0,1,post_centroid,0.08079719543457031,630,2163.8234445540784,68.14264443278707
7,5.0,0,1,post_centroid,0.1320328712463379,640,2144.3268461505936,60.81760274182094
8,5.0,0,1,post_centroid,0.07297945022583008,623,2117.957824473833,60.84754797098625
1,5.0,0,1,post_uniform,0.05513930320739746,735,2525.862626207118,80.07705850469016
2,5.0,0,1,post_uniform,0.05101943016052246,568,1913.4733685374217,65.53027964684175
3,5.0,0,1,post_uniform,0.06716489791870117,689,2297.298393353353,72.70964172236961
4,5.0,0,1,post_uniform,0.07678055763244629,611,2060.158732072575,57.310022097005444
5,5.0,0,1,post_uniform,0.06834816932678223,642,2169.4016051223152,63.50497292249025
6,5.0,0,1,post_uniform,0.07884502410888672,657,2274.3297374128915,66.79876464594473
7,5.0,0,1,post_uniform,0.12457656860351562,734,2446.0330742228243,65.12602444796555
8,5.0,0,1,post_uniform,0.1072702407836914,646,2216.752286672152,63.498224031303785
1,5.0,0,2,post_centroid,0.16487503051757812,1037,4831.798385571624,75.27290065482008
2,5.0,0,2,post_centroid,0.2197732925415039,1138,5325.405939117848,67.96626943660901
3,5.0,0,2,post_centroid,0.16420984268188477,1233,5845.156661719742,76.93493643930637
4,5.0,0,2,post_centroid,0.19241809844970703,1300,6080.1790984002255,72.23926548512965
5,5.0,0,2,post_centroid,0.15795087814331055,1118,5199.572952133374,83.10501475360279
6,5.0,0,2,post_centroid,0.16848182678222656,1496,6942.326193538611,86.35479524428989
7,5.0,0,2,post_centroid,0.22022652626037598,1249,5834.086050727481,76.62796211557824
8,5.0,0,2,post_centroid,0.1673905849456787,1364,6372.556696397167,75.74613903406318
1,5.0,0,2,post_uniform,0.1670675277709961,1170,5519.362472954206,73.42140445486073
2,5.0,0,2,post_uniform,0.1512923240661621,979,4596.515304477261,71.34304059233527
3,5.0,0,2,post_uniform,0.21347713470458984,1486,6887.189242602483,77.94241433873738
4,5.0,0,2,post_uniform,0.23212909698486328,1372,6419.287989824712,77.99540162419751
5,5.0,0,2,post_uniform,0.22954463958740234,1217,5660.096358279998,74.97982546238491
6,5.0,0,2,post_uniform,0.13571929931640625,1041,4852.099758453822,68.3220877941054
7,5.0,0,2,post_uniform,0.16771602630615234,1141,5340.339299925498,73.81586016744804
8,5.0,0,2,post_uniform,0.15177035331726074,1269,5871.156210350733,79.72480204514665
1,5.0,0,3,post_centroid,0.24852895736694336,1514,9384.569975503884,87.04625457138182
2,5.0,0,3,post_centroid,0.3182845115661621,1397,8581.43964242519,93.76509115625491
3,5.0,0,3,post_centroid,0.2415621280670166,1237,7585.020318042902,82.17537313980219
4,5.0,0,3,post_centroid,0.2208850383758545,1316,8231.97785442941,86.73959842554619
5,5.0,0,3,post_centroid,0.3324110507965088,1530,9429.862580985582,80.76201040048541
6,5.0,0,3,post_centroid,0.34398579597473145,1341,8223.306727388363,84.03471224149585
7,5.0,0,3,post_centroid,0.3136560916900635,1181,7257.60295764733,78.80281461430653
8,5.0,0,3,post_centroid,0.4437875747680664,1397,8623.178232231105,91.08496623251716
1,5.0,0,3,post_uniform,0.29146480560302734,1152,6895.1047387013805,86.44844819181256
2,5.0,0,3,post_uniform,0.35841894149780273,1813,11209.83448710029,85.73300426432272
3,5.0,0,3,post_uniform,0.3262929916381836,1364,8522.76024883498,93.86376500896036
4,5.0,0,3,post_uniform,0.2446901798248291,1467,8929.362300512066,87.88690662940405
5,5.0,0,3,post_uniform,0.35628390312194824,1313,8270.175837981678,87.26181437120687
6,5.0,0,3,post_uniform,0.2764551639556885,1448,8936.724081561057,87.36609931969932
7,5.0,0,3,post_uniform,0.5296242237091064,1719,10607.17031000265,94.79086033449607
8,5.0,0,3,post_uniform,0.47738194465637207,1724,10570.686992840405,84.28561547837644
1,5.0,0,4,post_centroid,0.43047380447387695,2070,15936.409074518184,99.23396232943331
2,5.0,0,4,post_centroid,0.4600071907043457,1742,13377.536075307587,87.17767199101596
3,5.0,0,4,post_centroid,0.45746588706970215,2228,17082.06052162715,114.92670534295645
4,5.0,0,4,post_centroid,0.4452328681945801,1548,11951.96622626719,94.91673462365029
5,5.0,0,4,post_centroid,0.5789134502410889,1851,14300.364873545934,94.85455238444044
6,5.0,0,4,post_centroid,0.3784327507019043,1526,11631.833988513736,96.74518110406801
7,5.0,0,4,post_centroid,0.5150356292724609,1790,13796.483247653154,92.3263502955834
8,5.0,0,4,post_centroid,0.3326749801635742,1272,9786.34369841731,91.33161451812114
1,5.0,0,4,post_uniform,0.38474035263061523,1328,10235.538864759994,93.76259526562144
2,5.0,0,4,post_uniform,0.3797335624694824,1666,12878.877594648791,97.5274630298508
3,5.0,0,4,post_uniform,0.4187302589416504,1836,13921.640203462657,105.69835433459379
4,5.0,0,4,post_uniform,0.4848055839538574,1494,11389.373217391867,97.82644835327827
5,5.0,0,4,post_uniform,0.5551581382751465,1797,13810.397545639651,98.43175322791976
6,5.0,0,4,post_uniform,0.4429128170013428,1833,13982.312447873428,93.94994868413328
7,5.0,0,4,post_uniform,0.6516706943511963,1479,11345.368455231597,95.85310150606345
8,5.0,0,4,post_uniform,0.5830144882202148,1801,13803.277026525673,93.08397296676446
1,5.0,0,5,post_centroid,0.5053470134735107,1297,11915.66746015255,105.26957568529684
2,5.0,0,5,post_centroid,0.6120824813842773,2372,21879.978725054447,114.47348256929034
3,5.0,0,5,post_centroid,0.5925388336181641,1972,17930.825634717454,102.67424041791992
4,5.0,0,5,post_centroid,0.5108771324157715,1545,14242.292976972754,109.71704807850222
5,5.0,0,5,post_centroid,0.5883803367614746,1589,14634.111799659202,107.55585146913339
6,5.0,0,5,post_centroid,0.530423641204834,2053,18934.756500299547,106.24245728454636
7,5.0,0,5,post_centroid,0.6986780166625977,1750,16135.804103552848,99.6396472218777
8,5.0,0,5,post_centroid,0.6472523212432861,1555,14145.863324198099,105.37644193244276
1,5.0,0,5,post_uniform,0.9398443698883057,1767,16192.048535045551,101.53455126895686
2,5.0,0,5,post_uniform,0.5094871520996094,1687,15456.197159686964,102.83350695333165
3,5.0,0,5,post_uniform,0.5046646595001221,1148,10643.239611239474,118.42350685399543
4,5.0,0,5,post_uniform,0.34804868698120117,1168,10693.50670323049,102.94588421842356
5,5.0,0,5,post_uniform,0.6739082336425781,1862,17060.428940425532,99.71740718091152
6,5.0,0,5,post_uniform,0.655073881149292,1889,17394.043728805773,114.95681834115345
7,5.0,0,5,post_uniform,0.7001490592956543,1278,11876.963089331088,107.12932794881354
8,5.0,0,5,post_uniform,0.7511000633239746,1637,15117.349992978361,106.78270908791248
1,5.0,0,6,post_centroid,1.04929780960083,1581,17041.247817323885,115.63857670316382
2,5.0,0,6,post_centroid,0.9387569427490234,2131,22939.178638663507,114.87838982767575
3,5.0,0,6,post_centroid,0.6570990085601807,1359,14795.574537600945,108.81588394785962
4,5.0,0,6,post_centroid,0.5826494693756104,1082,11477.694032401734,128.59143148883723
5,5.0,0,6,post_centroid,0.7540712356567383,1227,13102.644053764767,114.08053246533875
6,5.0,0,6,post_centroid,0.7017078399658203,1731,18748.745019481335,126.27273110464252
7,5.0,0,6,post_centroid,0.6445577144622803,1256,13358.27564984556,125.08440331072211
8,5.0,0,6,post_centroid,0.782233476638794,1520,16176.477184243966,121.25507749248797
1,5.0,0,6,post_uniform,0.6769430637359619,2250,24208.428404414248,111.70828712798019
2,5.0,0,6,post_uniform,0.4498169422149658,1200,12890.10501606435,127.22095301522413
3,5.0,0,6,post_uniform,0.3658411502838135,1076,11590.838658392797,117.36356396404129
4,5.0,0,6,post_uniform,0.648730993270874,2439,26130.547179008034,117.5891668480947
5,5.0,0,6,post_uniform,0.5842571258544922,1403,15126.455910498844,119.98866259796144
6,5.0,0,6,post_uniform,0.5005831718444824,1209,13030.698166759546,117.30566035181134
7,5.0,0,6,post_uniform,0.7051444053649902,2058,22159.52100570858,126.80439930045293
8,5.0,0,6,post_uniform,0.49667882919311523,1006,10837.152792085457,121.78218792281156
1,5.0,0,7,post_centroid,0.5895538330078125,946,11738.744685495425,137.20490619582628
2,5.0,0,7,post_centroid,0.9372787475585938,2092,25644.208639053206,133.0610150255444
3,5.0,0,7,post_centroid,0.8200912475585938,1156,14314.900117863128,136.26461461160127
4,5.0,0,7,post_centroid,0.728813886642456,1317,16137.639900147133,134.52007363289476
5,5.0,0,7,post_centroid,0.9574720859527588,1659,20320.354897080346,129.42304595242388
6,5.0,0,7,post_centroid,0.7299184799194336,1497,18472.709508955195,134.14896731101442
7,5.0,0,7,post_centroid,0.7260806560516357,1205,14948.419047009305,128.80065595637151
8,5.0,0,7,post_centroid,0.5799269676208496,797,9632.097929807765,128.90593363446706
1,5.0,0,7,post_uniform,0.6431334018707275,1178,14530.206902828984,124.81132339026502
2,5.0,0,7,post_uniform,0.7511794567108154,1740,21217.54073157368,123.88590479569108
3,5.0,0,7,post_uniform,0.9855995178222656,1092,13495.592336877027,135.71647427690493
4,5.0,0,7,post_uniform,0.7653722763061523,1323,16076.96222453826,124.60617506397273
5,5.0,0,7,post_uniform,0.3951244354248047,629,7708.829215241086,135.13054828055465
6,5.0,0,7,post_uniform,0.6622533798217773,1340,16487.87732642013,129.68169357620872
7,5.0,0,7,post_uniform,0.7935011386871338,1034,12751.401632353287,133.3368699702133
8,5.0,0,7,post_uniform,0.4758138656616211,1269,15431.134053224097,134.19980263950004
1,5.0,0,8,post_centroid,0.46767735481262207,707,9683.658752104486,143.08337517606526
2,5.0,0,8,post_centroid,0.465038537979126,509,6900.559625404635,139.36968292984068
3,5.0,0,8,post_centroid,0.5660955905914307,704,9675.338127947824,132.9304207019715
4,5.0,0,8,post_centroid,0.8905105590820312,1026,14027.683250296326,143.0348048275633
5,5.0,0,8,post_centroid,0.5186083316802979,620,8599.07587078887,143.38635716970964
6,5.0,0,8,post_centroid,0.5324323177337646,640,8720.889221859328,143.38635716970964
7,5.0,0,8,post_centroid,0.814274787902832,1224,16867.15566934732,134.62452649880993
8,5.0,0,8,post_centroid,0.5774555206298828,878,12151.272803319536,142.28849031832016
1,5.0,0,8,post_uniform,0.4562215805053711,492,6829.466330034719,136.89365183376262
2,5.0,0,8,post_uniform,0.783797025680542,1193,16485.45212882701,143.23862290282477
3,5.0,0,8,post_uniform,0.5658366680145264,550,7622.8914493736065,142.79150042792662
4,5.0,0,8,post_uniform,0.4447474479675293,557,7675.539381261122,141.48133407316647
5,5.0,0,8,post_uniform,0.7694828510284424,823,11464.631586066347,142.8323826670662
6,5.0,0,8,post_uniform,0.8693578243255615,1253,17212.922003153144,142.39578406304358
7,5.0,0,8,post_uniform,0.6146824359893799,553,7659.729348741823,135.9380900197276
8,5.0,0,8,post_uniform,0.5649111270904541,879,11980.92942310074,137.2442028981298
1,5.0,0,9,post_centroid,0.4793117046356201,343,5234.61418879261,168.02926359052677
2,5.0,0,9,post_centroid,0.6130936145782471,471,7136.106597933624,163.38099223762205
3,5.0,0,9,post_centroid,0.8688700199127197,1659,25732.949108014043,149.05618674917702
4,5.0,0,9,post_centroid,0.47818899154663086,432,6733.549409874848,149.05618674917702
5,5.0,0,9,post_centroid,0.9139878749847412,790,12038.476160784881,155.17062352942048
6,5.0,0,9,post_centroid,1.4494459629058838,1779,27377.124067672637,149.18266976664907
7,5.0,0,9,post_centroid,0.792412519454956,965,14885.144997457892,152.35561099222087
8,5.0,0,9,post_centroid,0.598393440246582,462,6952.013122415754,152.38135932233274
1,5.0,0,9,post_uniform,0.5720281600952148,435,6464.251938514334,156.20567662521447
2,5.0,0,9,post_uniform,0.6137502193450928,615,9534.273447273876,150.4323884631202
3,5.0,0,9,post_uniform,0.6674454212188721,835,12960.640383134458,149.8520447339142
4,5.0,0,9,post_uniform,0.6120069026947021,646,9894.928617334448,155.49598281321346
5,5.0,0,9,post_uniform,0.7237486839294434,842,12893.335752951236,147.18738442906076
6,5.0,0,9,post_uniform,0.7940845489501953,746,11356.964620214385,155.79183543334364
7,5.0,0,9,post_uniform,0.7714157104492188,670,10254.801692771469,150.30241809548482
8,5.0,0,9,post_uniform,0.976778507232666,982,15127.620873505548,149.23191147554124
